SubmissionDate,starttime,endtime,deviceid,subscriberid,simserial,phonenumber,username,duration,duration_min,caseid,audio_audit,text_audit,q001a,q001b,q001,q001cc,q001c,q001dc,q010a,q010b,q011a,q011b,q012a,q012b,siteid,surveyid,geo-Latitude,geo-Longitude,geo-Altitude,geo-Accuracy,q0const,q100,q101,q102,q103,q104,q105,q105_1,q105_2,q105_3,q105_4,q105_5,q105_6,q105_7,q105_8,q105_9,q105_10,q106,q106_1,q106_2,q106_3,q106_4,q107,q108,q108_1,q108_2,q108_4,q108_5,q108_6,q108_7,q108_8,q108_10,q108_13,q108_b,q108_1_b,q108_2_b,q108_4_b,q108_5_b,q108_6_b,q108_7_b,q108_8_b,q108_10_b,q108_13_b,q109,q110,q111,q111_others,q112,q113,q114,q115,q116,q117,q118,q119,q120,q121,q122,q123,recmm,grp_faibl1_count,qfaibl_1,drecpt_1,respo_1,qdate_1,qfaibl_2,drecpt_2,respo_2,qdate_2,qfaibl_3,drecpt_3,respo_3,qdate_3,qfaibl_4,drecpt_4,respo_4,qdate_4,qfaibl_5,drecpt_5,respo_5,qdate_5,qfaibl_6,drecpt_6,respo_6,qdate_6,qfaibl_7,drecpt_7,respo_7,qdate_7,qfaibl_8,drecpt_8,respo_8,qdate_8,qfaibl_9,drecpt_9,respo_9,qdate_9,qfaibl_10,drecpt_10,respo_10,qdate_10,qfaibl_11,drecpt_11,respo_11,qdate_11,qfaibl_12,drecpt_12,respo_12,qdate_12,qfaibl_13,drecpt_13,respo_13,qdate_13,qcomment,instanceID,instanceName,formdef_version,KEY
12 déc. 2025 13:34:05,12 déc. 2025 13:10:52,12 déc. 2025 13:33:39,6BCA134F-AAAA-4B62-8C17-DE5988F8BE39,,,,rdqa_pnlt,1290,21.5,,,https://posaf.surveycto.com/view/submission-attachment/TA_1e0e3071-4874-4f7e-a4be-cf23a18ef4df.csv?uuid=uuid%3A1e0e3071-4874-4f7e-a4be-cf23a18ef4df,12 déc. 2025,13:11:00,2,Equipe 2,6,Enquêteur 4,5,kg Kwango,9,kg Kasongo Lunda,26,kg Matamba Solo Centre de Santé de Référence,5-9-26,5-9-26-FA,-4.30465109646721,15.300822425647917,284.5,6.5,1,1,1,1,1,2,,,,,,,,,,,,,2,2,3,2,3,,3,2,3,2,3,1,3,1,3,,,,,,,2,,1,2,1,2,2,,2,2,2,3,2,3,0,2,1,2,2,2,2,2,Sdfghj,Vbggkjf,Dfreyu,13 janv. 2026,Dggjjkj,Cvbjnm,Cvfghhj,16 janv. 2026,,,,,,,,,,,,,,,,,,,,,,,,,,,,,,,,,,,,,,,,,,,,,IT nous a,uuid:1e0e3071-4874-4f7e-a4be-cf23a18ef4df,5-9-26-FA,2512111450,uuid:1e0e3071-4874-4f7e-a4be-cf23a18ef4df
18 déc. 2025 09:49:09,17 déc. 2025 12:33:30,18 déc. 2025 09:48:54,f1d356312d70dfb0,,,,rdqa_pnlt,3213,53.55,,,https://posaf.surveycto.com/view/submission-attachment/TA_334f2470-e7e4-4aaa-8335-f1c77939bac3.csv?uuid=uuid%3A334f2470-e7e4-4aaa-8335-f1c77939bac3,18 déc. 2025,08:36:17,2,Equipe HAUT KATANGA,4,Antoinette HAKONYANGE,2,hk Haut Katanga,3,hk Kambove,6,hk Mulungwishi Centre de Santé,2-3-6,2-3-6-FA,-10.8226605,26.7377293,1211.2,4.4,1,1,1,1,0,1,,1,1,1,1,1,1,1,1,1,1,,1,1,1,1,1,,1,1,1,1,1,1,1,1,1,,1,1,1,2,2,1,1,1,1,1,1,2,,1,1,1,1,1,0,1,1,1,3,1,1,3,3,Inexistence d’un tableau de suivi des indicateurs,Consevoir et afficher le tableau de suvi des indicateurs au CDT,IT TB,18 janv. 2026,Registre d’expédition des échantillons non disponible,Commender au BCZS le registre d’expedition des échantillons,IT/TL CDT,25 déc. 2025,Absence des SOP sur comment effectuer les contrôles de qualité des données,Rendre disponibles au CDT les SOP,MCZS,18 janv. 2026,,,,18 déc. 2025,,,,,,,,,,,,,,,,,,,,,,,,,,,,,,,,,,,,,"Disponibilté des prestataires , echanges fructueux, prestztaire receptif",uuid:334f2470-e7e4-4aaa-8335-f1c77939bac3,2-3-6-FA,25121504,uuid:334f2470-e7e4-4aaa-8335-f1c77939bac3
20 déc. 2025 07:22:47,16 déc. 2025 12:54:16,19 déc. 2025 09:25:22,64993c1e671a7051,,,,rdqa_pnlt,10689,178.15,,,https://posaf.surveycto.com/view/submission-attachment/TA_510bf97b-decd-4dac-8611-250ef2aad1fc.csv?uuid=uuid%3A510bf97b-decd-4dac-8611-250ef2aad1fc,16 déc. 2025,12:54:44,2,Equipe HAUT KATANGA,3,Colette KINKELA,2,hk Haut Katanga,4,hk Kapolowe,7,hk Kapolowe Hôpital Général de Référence,2-4-7,2-4-7-FA,-10.9440942,26.9563369,1149.5,4.8,1,1,1,1,0,1,,2,2,2,2,1,1,2,1,1,2,,2,2,2,2,1,,1,1,1,1,3,1,1,1,1,,2,1,1,2,,1,2,2,2,1,1,1,,2,1,1,2,2,0,1,3,1,4,1,2,8,8,Absence d’un tableau de bord des indicateurs integrant les indicateurs,Rendre disponsible le tableau d’indicateurs et l’afficher au mur,IT,23 déc. 2025,"Mauvaise tenue des outils (registres incompletement remplis, surcharges, couverture dechirée...)",Accompagner les prestataires dans la tenue correcte de support d’information ( remplissage....),BCZS,23 déc. 2025,Faible maitrise de definitions de cas,"Briefer les prestataires sur les definitions de cas
Faire une supervision formative","BCZS
CPLT",30 déc. 2025,Absence de supervision axée sur la qualité des données,Organiser les supervions formatives axeés sur la qualitée des données,BCZS/ CPLT,5 janv. 2026,Rupture de fiches de malades,Disponibiliser les outils,Unité Centrale,6 janv. 2026,Absence de controle interne des données avant la transmission,Organiser des reunions pour le controle interne des données an niveau de CDT,IT et le staff de l’hopital,2 janv. 2026,Absence d’espace appropriė pour l’archivage  et les données personnelles pertinentes ne sont pas conservées selon les normes,Organiser l’archivage dans les normes,IT,23 déc. 2025,Absence d’un SOP  sur les controles de qualité,Organiser des reunions de monitorage permettant une analyse fouillée des données rapportées,IT,5 janv. 2026,,,,,,,,,,,,,,,,,,,,,"Equipe formé en PATI6, en DHIS2 et suivi&évaluation
Maitrise le travail qu’ils effectuent  et bonne organisation de l’equipe
Presence de tous les rapports au niveau de la structure
Le CDT encode lui meme ses propres données
Ecarts entre les données rapportées dans le rapport mensuel et le registre TB
Les reunions de monitorage sont régulieres
Presence d’un  cahier de supervision  et le CDT applique les recommandations formulées
Trop dd ratures dans le rapport mensuel du au mauvais comptage du CDT
Pas de reunion de monitorage au niveau de CDT
Tous les rapports attendus de la periode ėtaient disponibles
Le personnel designė pour compiler   est bien identifié
Absence d’un tableu de bord affiché au mur",uuid:510bf97b-decd-4dac-8611-250ef2aad1fc,2-4-7-FA,25121504,uuid:510bf97b-decd-4dac-8611-250ef2aad1fc
20 déc. 2025 07:22:48,18 déc. 2025 08:33:57,20 déc. 2025 07:22:22,64993c1e671a7051,,,,rdqa_pnlt,30876,514.6,,,https://posaf.surveycto.com/view/submission-attachment/TA_d7fc842d-515f-4264-a7f4-0e7de4d49fc5.csv?uuid=uuid%3Ad7fc842d-515f-4264-a7f4-0e7de4d49fc5,18 déc. 2025,08:34:00,2,Equipe HAUT KATANGA,3,Colette KINKELA,2,hk Haut Katanga,4,hk Kapolowe,8,hk Lwisha Centre de Santé,2-4-8,2-4-8-FA,-11.1279949,27.1051992,1148.1,5.6,1,1,1,1,0,1,,1,0,2,2,1,1,1,2,2,1,,3,3,3,3,1,,1,4,1,1,4,1,1,1,1,,2,,2,1,,1,2,2,2,1,1,1,,3,0,2,2,2,0,1,2,1,4,1,2,7,7,Absence de tableau de bord des suivi des indicateurs,Disponibiser le tabeau de bord et l’affichet au mur,IT,23 déc. 2025,Mauvaise tenue des supports d’informations & faible maitrise des definitions de cas,Accompagner le prestataire dans la tenue correcte des outils/ organiser les supervisions formatives,BCZS/ CPLT,20 janv. 2026,Faible suivre de recommandation formulées,Appliquer les recommandations formulées,IT,26 nov. 2025,Mauvaise archivage: Absence des fiches de traitement des  malades de janvier jusqu’à mai,Organiser le classement des outils de faćon à pourvoir les retrouver facilement,IT,7 janv. 2026,Plusieurs malades  depistés sont non ėvalués,Evaluer tous les malades mis en traitement/briefer & accompagner le prestataire,IT/BCZS,2 janv. 2025,Absence de reunion de monitorage,,,19 déc. 2025,Presque tout les malades sont cliniquement diagnostiqués / ceux qui sont positifs ne font pas de F2 à cause du manque du microscopiste,Affecter un microscopiste,BCZS,26 déc. 2025,,,,,,,,,,,,,,,,,,,,,,,,,"L’équipe formé en PATI6, DHIS2
Presence de documents de collecte des informations
Mauvaise remplissage des outils  de collecte (incompletement et incorrect)
Rupture des outils ( fiches de malades au T1& T2)
Absence d’ un laboratin, tous les malades ont étė diagnostiqué cliniquement diagnostiquė
Rupture en medicaments
Pas des issus des malades dans le registre (non issus  de traitement ), les fiches non trouvé donc lesissus sont mis arbitrairement
Absence de reunion de monitorage à la base
Absence d’un tableau de bord
Absence des enfants de 5 ans  mis sous TPT
Renforcer les capacités de prestataires sur terrain en renforcant les supervisions formatives
Elaborer les SOP pour le remplissage d’outils",uuid:d7fc842d-515f-4264-a7f4-0e7de4d49fc5,2-4-8-FA,25121504,uuid:d7fc842d-515f-4264-a7f4-0e7de4d49fc5
20 déc. 2025 07:23:52,17 déc. 2025 09:17:55,20 déc. 2025 07:23:37,f1d356312d70dfb0,,,,rdqa_pnlt,7718,128.63333333333333,,,https://posaf.surveycto.com/view/submission-attachment/TA_73a4740b-ffe9-44ad-a060-62146f2fc1d5.csv?uuid=uuid%3A73a4740b-ffe9-44ad-a060-62146f2fc1d5,19 déc. 2025,09:18:56,2,Equipe HAUT KATANGA,4,Antoinette HAKONYANGE,2,hk Haut Katanga,3,hk Kambove,6,hk Mulungwishi Centre de Santé,2-3-6,2-3-6-FA,-10.7784047,26.6291502,1203.8,4.8,1,1,1,1,0,2,,,,,,,,,,,,,0,1,1,1,1,,1,3,1,3,4,1,1,1,1,,2,,1,,,1,1,1,1,1,1,2,,1,2,1,1,2,1,1,1,2,4,1,2,5,5,Inexistence du tableau de suivi des indicateurs des données,Consevoir et afficher lectableau de suvi des indicateurs,,16 janv. 2026,Absence du registre d’expedition des échantillons,Commender au BCZS le registre de transport des échatillons et l’utiliser,IT/TL,5 janv. 2026,Le contrôle de l’exactitude des données n’est pas systématique,"Contôler régulièrement et documenter le résultat d,analyse de l’exactitude des données avant de les transmettre au niveau supérieur",MDH/IT,5 janv. 2026,L’ archivage des données non sécurisé,Mettre les données dans une armoire et fermer à clé,IT,8 janv. 2026,Les registres et autres documents ne sont pas archivés par date,Archiver les documents par service et par date,,20 déc. 2025,,,,,,,,,,,,,,,,,,,,,,,,,,,,,,,,,"Bon climat de travail, matrise des indicateurs TB par le prestataire , tenue régulière des réunions d’analyse des données à la base avec l’accompagnement du BCZ
L,archivage des documents non archivé par date et par service et ne sont pas gardés de maniere a garentir la confidentialité.",uuid:73a4740b-ffe9-44ad-a060-62146f2fc1d5,2-3-6-FA,25121504,uuid:73a4740b-ffe9-44ad-a060-62146f2fc1d5
20 déc. 2025 11:00:01,16 déc. 2025 10:49:33,20 déc. 2025 10:59:34,4fa91a51678d3582,,,,rdqa_pnlt,6576,109.6,,,https://posaf.surveycto.com/view/submission-attachment/TA_c5bcfbb9-7771-467c-9ad4-6383baa308a1.csv?uuid=uuid%3Ac5bcfbb9-7771-467c-9ad4-6383baa308a1,18 déc. 2025,20:38:23,10,Equipe KASAI CENTRAL,22,Jean Pierre KABUAYI,7,kr Kasai Central,14,kr Katoka,27,kr Cerdes Centre de Santé de Référence,7-14-27,7-14-27-FA,-5.8956606,22.384629,0.0,700.0,1,1,1,1,1,1,,1,1,1,2,1,1,1,2,2,1,,1,1,1,1,2,,1,3,1,1,1,1,1,1,1,,2,,2,2,2,2,2,2,1,1,1,1,,1,0,0,3,2,0,0,3,2,2,0,2,3,3,Documents de collecte incompletement rempli,Veiller à la tenue régulière des outils gage de la qualité des données,Chargé de TB,18 mars 2026,Faible connaissance de la définition des indicateurs,Rappeler et afficher ces définitions sur la table pour une lecture journalière,Chargé TB de CDT,18 mars 2026,Absence de directives sur le CDQ,Élaboration des directives par le PNLT,CD suivi et évaluation de PNLT,20 févr. 2026,,,,,,,,,,,,,,,,,,,,,,,,,,,,,,,,,,,,,,,,,"Pas encore la maîtrise de l'outil
Interview élastique avec de temps mort du aux occupations de l'équipe dans ses activités routinière
Réceptivité relative par moment au vu de la durée de l'interview 
Tendance d'être focus sur la qualité de service que des données...
Vérification superficielle des données et outils",uuid:c5bcfbb9-7771-467c-9ad4-6383baa308a1,7-14-27-FA,25121504,uuid:c5bcfbb9-7771-467c-9ad4-6383baa308a1
20 déc. 2025 12:39:51,20 déc. 2025 09:18:10,20 déc. 2025 12:39:42,4fa91a51678d3582,,,,rdqa_pnlt,4704,78.4,,,https://posaf.surveycto.com/view/submission-attachment/TA_bb6540e3-9dab-43c8-a845-9e679ab34f22.csv?uuid=uuid%3Abb6540e3-9dab-43c8-a845-9e679ab34f22,20 déc. 2025,09:18:22,10,Equipe KASAI CENTRAL,22,Jean Pierre KABUAYI,7,kr Kasai Central,14,kr Katoka,28,kr St Georges Hôpital Général de Référence,7-14-28,7-14-28-FA,-5.8983307,22.3908811,605.0,7.0,1,1,1,1,1,1,,1,1,1,2,2,1,1,1,1,1,,2,1,1,1,1,,1,3,1,1,3,1,1,1,1,,2,,2,2,,2,2,2,2,1,1,1,,1,0,0,3,2,0,0,3,1,1,1,1,2,2,Outils non à jour et incompletement rempli,"Remplir tous les outils au jour le jour.(registre TB, registre de contact ,registre TPT)",Chargé TB et superviseur hierarchique,20 mars 2027,Pas de vérification des données lors de supervision,"Faire un recomptage lors de l'élaboration des rapports et vérifier les données saisies. 
Redynamiser les réunions de monitorrage",,20 mars 2026,,,,20 déc. 2025,,,,,,,,,,,,,,,,,,,,,,,,,,,,,,,,,,,,,,,,,"Non disponibilité de l'ordinateur pour les auditeurs de CERDES et pas de compétence dans l'utilisation du fichier Excel 

Les audites ayant eu suffisamment le temps pour se préparer à l'exercice 

Tendance à répondre positivement aux questions par manque de vérification objective sur l'implication de chef hiérarchique dans le contrôle de qualité des données",uuid:bb6540e3-9dab-43c8-a845-9e679ab34f22,7-14-28-FA,25121504,uuid:bb6540e3-9dab-43c8-a845-9e679ab34f22
21 déc. 2025 17:22:27,18 déc. 2025 10:21:39,19 déc. 2025 06:04:31,0834d731150bed21,,,,rdqa_pnlt,7636,127.26666666666667,,,https://posaf.surveycto.com/view/submission-attachment/TA_1a26cee2-b24f-4ca1-a44d-316a4f247279.csv?uuid=uuid%3A1a26cee2-b24f-4ca1-a44d-316a4f247279,18 déc. 2025,10:40:07,6,Equipe KASAI ORIENTAL,13,Sébastien MAYU,4,ke Kasai Oriental,7,ke Bonzola,13,ke Camp Nsele Centre de Santé,4-7-13,4-7-13-FA,-6.13105,23.5771832,640.8,4.5,1,1,1,1,2,1,,1,1,1,1,2,1,1,1,1,1,,2,1,1,1,1,,1,2,1,2,2,2,1,1,1,,1,,1,,,,1,1,1,1,1,1,,1,1,1,1,2,0,1,1,1,1,1,1,6,6,Pas le guide de Pati VI,Rendre disponible le guide de Pati 6,MCZ,30 janv. 2026,Mauvais archivage,Archiver correctement  tous les outils de collectes des données,IT,30 janv. 2026,Pas d’acussé sur les rapports mensuel,Transmettre en double copies les rapports pour accusé réception,IT,17 janv. 2026,Tableau de bord non disponible et non affiché,Mettre à jour le tableau de bord,IT,30 janv. 2026,Absence de POS,Rendre disponible les SOP,MCZ,30 janv. 2026,Absence de la retro information d’évaluation des données.,Rendre disponible le retro information,MCZ,30 janv. 2026,,,,,,,,,,,,,,,,,,,,,,,,,,,,,La disponibilite de l’équipe et patience,uuid:1a26cee2-b24f-4ca1-a44d-316a4f247279,4-7-13-FA,25121504,uuid:1a26cee2-b24f-4ca1-a44d-316a4f247279
21 déc. 2025 17:22:41,12 déc. 2025 12:05:09,19 déc. 2025 19:58:19,0834d731150bed21,,,,rdqa_pnlt,3519,58.65,,,https://posaf.surveycto.com/view/submission-attachment/TA_171daeb5-b333-4234-8efb-c3f2bdffa7f6.csv?uuid=uuid%3A171daeb5-b333-4234-8efb-c3f2bdffa7f6,12 déc. 2025,12:05:26,1,Equipe 1,1,Superviseur 1,6,kn Kinshasa,11,kn Binza Meteo,32,kn La Borne Centre Hospitalier,6-11-32,6-11-32-FA,-4.3435599,15.276517,304.8,4.6,1,1,1,1,2,1,,1,1,1,1,1,1,1,1,1,1,,1,1,1,1,1,,1,1,1,2,3,2,2,1,1,,1,1,1,,,,,1,1,1,1,1,,1,1,1,1,2,0,1,3,1,1,1,1,1,1,"QRupture des fiches de traitement, absence de supervision sur la qualité des données.",,,12 déc. 2025,,,,,,,,,,,,,,,,,,,,,,,,,,,,,,,,,,,,,,,,,,,,,,,,,Fiché à déclasser c’était un fichier test de la formation,uuid:171daeb5-b333-4234-8efb-c3f2bdffa7f6,6-11-32-FA,251211948,uuid:171daeb5-b333-4234-8efb-c3f2bdffa7f6
21 déc. 2025 19:07:33,19 déc. 2025 15:01:57,19 déc. 2025 15:56:54,a051953f2695f84e,,,+243110509716231,rdqa_pnlt,3297,54.95,,,https://posaf.surveycto.com/view/submission-attachment/TA_842b0912-791f-4cae-96c8-16035ea79045.csv?uuid=uuid%3A842b0912-791f-4cae-96c8-16035ea79045,19 déc. 2025,15:02:12,1,Equipe TANGANYIKA,2,Matthieu NTUMBA,9,tn Tanganyika,17,tn Kalemie,33,tn Kalemie Hôpital Général de Référence,9-17-33,9-17-33-FA,-5.9195084,29.1895847,771.8,4.9,1,1,1,1,1,1,,1,2,2,2,2,0,2,1,2,1,,1,1,1,1,1,,1,1,1,1,1,1,1,1,1,,1,1,1,1,1,1,1,1,1,1,1,1,,1,1,1,1,1,0,2,2,1,1,1,2,4,4,"Certains indicateurs TB ne sont pas bien maitrisés (les issus de traitement, TB PS, TB PR)",Mettre à jour les compétences du personnel sur la définition complète des indicateurs TB à travers les missions de supervision/coaching et le recyclage,"MCZ, IS TB",31 janv. 2026,"Les directives sur la collecte et le rapportage existent ,mais ne sont pas formalisées",Formaliser et diffuser les SOP écrites sur le protocole de rapportage et le contrôle qualité,MCZ,31 janv. 2026,"Les supervisions non systématiques, des visites existent , mais nesont pas regulières ou ne sont pas toujours documentées",Renforcer la supervision systématique et documentée,"MCZ, IS , MDH , Directeur de nursing",31 janv. 2026,L’espace d’archivage insuffisant et l’armoire ne dispose pas de clé pour sécuriser les données,"Améliorer l’espace de stockage sécurisé avec armoires fermées
Maintenir un accès limitéet contrôlé aux registres archivés",,31 janv. 2026,,,,,,,,,,,,,,,,,,,,,,,,,,,,,,,,,,,,,Participation active de l’équipe,uuid:842b0912-791f-4cae-96c8-16035ea79045,9-17-33-FA,25121504,uuid:842b0912-791f-4cae-96c8-16035ea79045
21 déc. 2025 19:07:56,21 déc. 2025 13:36:48,21 déc. 2025 14:57:11,a051953f2695f84e,,,+243110509716231,rdqa_pnlt,4823,80.38333333333334,,,https://posaf.surveycto.com/view/submission-attachment/TA_56db39eb-42ba-426c-8ea7-e6e3964da7d0.csv?uuid=uuid%3A56db39eb-42ba-426c-8ea7-e6e3964da7d0,21 déc. 2025,13:37:05,1,Equipe TANGANYIKA,2,Matthieu NTUMBA,9,tn Tanganyika,18,tn Nyunzu,36,tn Nyunzu Hôpital Général de Référence,9-18-36,9-18-36-FA,-5.955468,28.0053709,727.4,4.7,1,1,1,1,0,1,,1,0,1,2,0,2,0,1,1,1,,1,1,1,1,1,,1,1,1,3,1,2,2,2,1,,1,1,1,,1,,,,1,1,1,1,,1,0,0,1,2,0,1,1,1,1,1,1,5,5,La formation en PATI 6date de plus 3ans,Organiser le recyclage du personnel,"MCZ, IS TB",28 févr. 2026,Certains indicateurs ne sont pas bien définis ou compris,Fournir des définitions standardisées et des fiches pratiques pour chaque indicateur,"MCP , IS TB CPLT",31 janv. 2026,Les directives de rapportage ne sont pas disponibles,Elaborer et diffuser les SOP sur la collecte et le rapportage,MCZ,31 janv. 2026,Absence du registre d’expedition des échantillons,Assurer la disponibilité du registre d’expedition des échantillons,MCZ,15 janv. 2026,Les résultats des controles de qualité pas toujours consignés,Mettre en place un calendrier de vérification des données et documenter chaque contrôle,MDH,31 déc. 2025,,,,21 déc. 2025,,,,,,,,,,,,,,,,,,,,,,,,,,,,,RAS,uuid:56db39eb-42ba-426c-8ea7-e6e3964da7d0,9-18-36-FA,25121504,uuid:56db39eb-42ba-426c-8ea7-e6e3964da7d0
22 déc. 2025 07:43:01,19 déc. 2025 11:46:59,22 déc. 2025 07:36:45,f116b5a975d8fcf8,,,,rdqa_pnlt,13241,220.68333333333334,,,https://posaf.surveycto.com/view/submission-attachment/TA_d0b386de-d234-4e0c-86eb-9e1efbfb178e.csv?uuid=uuid%3Ad0b386de-d234-4e0c-86eb-9e1efbfb178e,19 déc. 2025,11:47:37,10,Equipe KASAI CENTRAL,20,Nick AMBALI,7,kr Kasai Central,13,kr Bena Leka,25,kr Bena Leka Hôpital Général de Référence,7-13-25,7-13-25-FA,-5.1189034,22.1676648,588.8,4.5,1,1,1,0,0,0,,,,,,,,,,,,,3,3,3,3,2,,1,2,1,4,3,1,1,1,1,,2,,2,,,2,2,2,2,1,1,1,,1,0,0,3,1,0,0,3,2,4,1,2,4,4,Absence d'un tableau de bord des suivi des indicateurs au niveau de l'HGR Benaleka,Elaborer et afficher un tableau de bord pour le suivi des indicateurs cles de la TB,DN/IT,15 janv. 2026,Les rapports TB transmis au niveau du BCZ sont non valide et certifie par le MDH,Que tout les rapports elabores par l'HGR soient valides et certifie par le MDH avant leur transmission au BCZ,DN,30 déc. 2026,Les outils de collectes des données sont mal tenus et remplis partiellement,Se conformer aux directives de PATI 6 pour la tenue des outils de collecte et leur remplissage,DN,19 déc. 2025,Espace etroit du bureau de L'IT ne respectant pas les mesures de contrôle de l'infection et ne lui permettant pas d'organiser l'archivage des données et rapport en toute sécurite,"Rendre disponible parmi le nouveau batiment en consruction,un local permettant à L'IT de bien faire son travail en toute securité",MDH,30 mars 2026,,,,,,,,,,,,,,,,,,,,,,,,,,,,,,,,,,,,,RAS,uuid:d0b386de-d234-4e0c-86eb-9e1efbfb178e,7-13-25-FA,25121504,uuid:d0b386de-d234-4e0c-86eb-9e1efbfb178e
22 déc. 2025 07:43:02,18 déc. 2025 13:20:07,20 déc. 2025 10:32:51,f116b5a975d8fcf8,,,,rdqa_pnlt,29012,483.53333333333336,,,https://posaf.surveycto.com/view/submission-attachment/TA_68644c8e-6f96-4083-81a6-d856822418c4.csv?uuid=uuid%3A68644c8e-6f96-4083-81a6-d856822418c4,18 déc. 2025,13:20:20,10,Equipe KASAI CENTRAL,20,Nick AMBALI,7,kr Kasai Central,13,kr Bena Leka,26,kr Kabuluanda Centre de Santé de Référence,7-13-26,7-13-26-FA,-5.0116885,22.2128519,570.1,4.4,1,1,1,1,2,1,,1,1,1,1,2,2,2,1,1,1,,1,1,2,2,1,,1,4,1,1,4,1,1,1,1,,2,,1,1,,2,2,2,1,1,1,1,,1,0,0,3,2,0,2,3,2,2,1,1,5,5,Les outils de collecte de linformation mal tenus et remplis partiellement,"Former ou recycler les personnels sur l'utilisation et le remplissage correcte des outils de collecte des données(registre,fiche de traitement,rapport,etc..)",It du centre,19 déc. 2025,Les documents normatif non utilises et mal concerve,Regrouper tout les outils non utilises et le garde dans un endroit approprie,IT du centre,19 déc. 2025,"Absence de  guide en rapport avec les autres thematique notamment la coinfection,la Tpt,etc...",Faire une commande a la Zs des directives sus mentionnees pour le renforcement en capacite des prestataire,It,19 déc. 2025,Archivage défaillant et indisponibilité des rapports antérieurs,"Mettre en place un système d'archivage physique standardisé( classeurs par année et type de rapport).
Numériser progressivement les rapports TB(scan)",IT du centre,20 déc. 2025,Aucune documentation ecrite sur les resultats de contrôle de qualité des données,"Creer des fiches de contrôle des données pour chaque periode et mettre en place un registre d'audit de qualité des données.
Archiver systématiquement les rapports de CDQ et le feedback de la zs en rapport avec les données",IT,20 déc. 2025,,,,,,,,,,,,,,,,,,,,,,,,,,,,,,,,,"L'enquete s'est bien deroulée, malgre qu'il ya des questionnaires où on aurait voulut qu'on nous donne la possibilité de faire de commentaires,notamment: les numeros de question 110,121,118,119",uuid:68644c8e-6f96-4083-81a6-d856822418c4,7-13-26-FA,25121504,uuid:68644c8e-6f96-4083-81a6-d856822418c4
22 déc. 2025 15:50:46,22 déc. 2025 10:15:05,22 déc. 2025 15:47:18,32aa94963d879e8c,,,,rdqa_pnlt,7833,130.55,,,https://posaf.surveycto.com/view/submission-attachment/TA_c2348311-41ff-4606-a00a-11c8dcb5bd0a.csv?uuid=uuid%3Ac2348311-41ff-4606-a00a-11c8dcb5bd0a,22 déc. 2025,10:15:05,7,Equipe KONGO CENTRAL,15,FOFANHA EBENGO,3,kc Kongo Central,5,Matadi,10,CSR MVUNZI,3-5-10,3-5-10-FA,-5.8370726,13.4724524,157.0,4.7,1,1,1,0,2,1,,1,1,1,1,1,1,1,1,1,1,,1,1,1,1,1,,1,1,1,1,1,1,1,1,1,,1,1,1,1,1,1,1,1,1,1,1,1,,4,1,1,1,1,0,1,1,1,4,1,1,2,2,Archivage defectueuse,Informer le BCZ,IT,24 déc. 2025,Pas  un  espace pr  garder  les  arches,,,22 déc. 2025,,,,,,,,,,,,,,,,,,,,,,,,,,,,,,,,,,,,,,,,,,,,,RAS,uuid:c2348311-41ff-4606-a00a-11c8dcb5bd0a,3-5-10-FA,25121504,uuid:c2348311-41ff-4606-a00a-11c8dcb5bd0a
22 déc. 2025 17:41:56,22 déc. 2025 11:42:29,22 déc. 2025 17:41:50,4971f6dd5da500ea,,,+243110509716246,rdqa_pnlt,1907,31.783333333333335,,,https://posaf.surveycto.com/view/submission-attachment/TA_cae461ab-c241-4919-91cd-ce90132a1d9c.csv?uuid=uuid%3Acae461ab-c241-4919-91cd-ce90132a1d9c,22 déc. 2025,11:42:50,7,Equipe KONGO CENTRAL,15,FOFANHA EBENGO,3,kc Kongo Central,6,Nzanza,11,HCR Kiamvu,3-6-11,3-6-11-FA,-5.8248956,13.4662011,114.9,4.8,1,1,1,1,1,1,,1,1,1,1,1,1,1,1,1,1,,1,1,1,1,1,,1,1,1,1,1,1,1,1,1,,1,1,1,1,1,1,1,1,1,1,1,1,,1,1,2,1,1,1,1,1,1,1,1,1,1,1,Faire l’etalage pour l’archivage,BCZ,MCZ,2 mars 2026,,,,,,,,,,,,,,,,,,,,,,,,,,,,,,,,,,,,,,,,,,,,,,,,,Ras,uuid:cae461ab-c241-4919-91cd-ce90132a1d9c,3-6-11-FA,25121504,uuid:cae461ab-c241-4919-91cd-ce90132a1d9c
22 déc. 2025 18:20:39,22 déc. 2025 08:18:45,22 déc. 2025 18:20:29,a051953f2695f84e,,,+243110509716231,rdqa_pnlt,5427,90.45,,,https://posaf.surveycto.com/view/submission-attachment/TA_2225e986-3f00-489d-8b04-c2d1af791c66.csv?uuid=uuid%3A2225e986-3f00-489d-8b04-c2d1af791c66,22 déc. 2025,08:18:52,1,Equipe TANGANYIKA,2,Matthieu NTUMBA,9,tn Tanganyika,18,tn Nyunzu,35,Lwizi,9-18-35,9-18-35-FA,-6.03029,27.4814598,541.9,4.9,1,1,1,1,0,1,,1,0,0,2,0,2,1,2,0,1,,1,1,1,1,1,,1,4,1,3,4,1,1,1,1,,1,,1,,,1,1,1,1,1,1,1,,1,0,0,1,2,0,1,1,1,1,1,1,5,5,La formation du personnel non actualisée,Renforcer les capacités du personnel par l’organisation du recyclage du personnel sur PATI 6 lors des missions de supervision,MCZ,28 févr. 2026,Absence de plan de suivi et évaluation,Accompagner le CDT dans lélaboration du plan de suivi et évaluation,"IS TB , MCZ",31 janv. 2026,Plusieurs indicateurs TB ne sont pas bien definis ou coompris par les prestataires,Clarifier et standardiser les définitions des indicateurs TB avec des sessions pratiques pour les prestataires,"MCZ, IS TB",31 janv. 2026,Les registres d’expédition des échantillons et PR manquent dans l’ESS,Assurer l’approvisionnement du CDT en registre PR et registre d’expédition des échantillons,MCZ,31 déc. 2025,"Les SOP ou autres documents d,orientation sur le contrôle de qualité des données ne sont pas disponibles",Formaliser les SOP sur le contrôle de qualité des données et les rendre accessibles,MCP,31 janv. 2026,,,,,,,,,,,,,,,,,,,,,,,,,,,,,,,,,Participation active de tous les acteurs impliqués dans le RDQA,uuid:2225e986-3f00-489d-8b04-c2d1af791c66,9-18-35-FA,25121504,uuid:2225e986-3f00-489d-8b04-c2d1af791c66
23 déc. 2025 09:08:49,18 déc. 2025 12:35:53,22 déc. 2025 19:11:53,0834d731150bed21,,,,rdqa_pnlt,9378,156.3,,,https://posaf.surveycto.com/view/submission-attachment/TA_f299c305-10c3-4f6a-8733-6182b8592e53.csv?uuid=uuid%3Af299c305-10c3-4f6a-8733-6182b8592e53,18 déc. 2025,12:35:57,6,Equipe KASAI ORIENTAL,13,Sébastien MAYU,4,ke Kasai Oriental,7,ke Bonzola,14,ke Nyongololo PNC Centre de Santé,4-7-14,4-7-14-FA,-6.1205568,23.5776046,653.4,4.9,1,1,1,1,0,0,,,,,,,,,,,,,0,1,1,1,1,,1,1,1,1,4,1,1,1,1,,1,1,1,1,,1,1,1,1,1,1,1,,1,1,1,1,2,0,1,1,2,4,2,2,6,6,"Absence de tableau de bord de suivi des indicateurs clés,","1.Mettre à jour le tableau de suivi des indicateurs clés,","IT,",30 janv. 2026,"Absence de retro information sur l’analyse des données TB,",Mise à jour de retro information sur l’analyse des données,BCZ,30 janv. 2026,"Absence de SOP pour le controle des données TB,",Mise à jour de SOP pour le contrôlre des données TB,IBCZ,30 janv. 2026,"Les registres ne sont pas classés par date et service,",Classer les registres par service et par date,IT,30 janv. 2026,Absence d’une armoire pour l’archive d’outils des données,Créer une armoire pour l’archivage d’outils des données,IT,30 janv. 2026,Absence de guide de Pati VI.,Rendre disponible le guide Pati VI.,IMCZ,30 janv. 2026,,,,,,,,,,,,,,,,,,,,,,,,,,,,,"Ces données sont du CDT La Rose. Le CDT nyongololo etait remplacé par celui-ci, si vous trouvez ces données au cdt Songololo suite au
 parametrage du cdt la Rose était fait en retad. Donc, il faut que ces donnees soient transferées dans le compte sur cdt La Rose a partir de seveur.",uuid:f299c305-10c3-4f6a-8733-6182b8592e53,4-7-14-FA,25121504,uuid:f299c305-10c3-4f6a-8733-6182b8592e53
23 déc. 2025 09:08:50,12 déc. 2025 15:21:31,22 déc. 2025 19:09:20,0834d731150bed21,,,,rdqa_pnlt,3927,65.45,,,https://posaf.surveycto.com/view/submission-attachment/TA_ea537900-efdc-46b6-b651-570c7f5d43f6.csv?uuid=uuid%3Aea537900-efdc-46b6-b651-570c7f5d43f6,12 déc. 2025,15:21:09,1,Equipe 1,1,Superviseur 1,4,ke Kasai Oriental,7,ke Bonzola,19,ke Camp Nsele Centre de Santé,4-7-19,4-7-19-FA,-6.1311269,23.5770791,679.5,4.5,1,1,1,1,1,1,,1,1,1,1,1,1,1,1,1,1,,1,1,1,1,0,,1,1,1,1,1,1,1,1,1,,1,1,1,1,1,1,1,1,1,1,1,1,,1,1,1,1,1,1,1,1,1,1,1,1,4,4,1.Absence de tableau de bord,Mettre à jour le tableau de bord,"IIT, BCZ",5 janv. 2026,Pas d’accusés de réception sur les rapports trimestiels déposés au BCZ,Transmettre le rapport en souble pour accusé de réception,IIT,5 janv. 2026,Absence de retro information d’évaluation des données,Rndre disponible le  retro information d’évaluation des données,BCZ,18 déc. 2025,Absence de SOP,Rendre libre les SOP,BCZ,5 janv. 2026,,,,,,,,,,,,,,,,,,,,,,,,,,,,,,,,,,,,,Un négligence de la part du personnel sur la maitrise de remplissage des outils. Formation obligatoire,uuid:ea537900-efdc-46b6-b651-570c7f5d43f6,4-7-19-FA,251211948,uuid:ea537900-efdc-46b6-b651-570c7f5d43f6
23 déc. 2025 09:08:50,19 déc. 2025 13:44:36,22 déc. 2025 19:15:12,0834d731150bed21,,,,rdqa_pnlt,8531,142.18333333333334,,,https://posaf.surveycto.com/view/submission-attachment/TA_6f8e2618-f2df-4c2a-be89-4da151ffb32b.csv?uuid=uuid%3A6f8e2618-f2df-4c2a-be89-4da151ffb32b,19 déc. 2025,13:44:44,6,Equipe KASAI ORIENTAL,13,Sébastien MAYU,4,ke Kasai Oriental,8,ke Mukumbi,15,ke Kamaleka Hôpital Général de Référence,4-8-15,4-8-15-FA,-6.0235598,23.7056664,513.2,4.1,1,1,1,1,0,0,,,,,,,,,,,,,0,1,1,1,3,,1,1,4,4,1,4,4,4,4,,1,1,,,1,,,,2,1,1,1,,4,0,1,1,2,0,1,1,1,4,0,2,10,10,Pas se tableau de bord,Mettre à jour le tableau de bord,IT,30 janv. 2026,"Absence de registre des expéditions des échantillons, des cas contacts, de traitement préventifs.","Mettre à jour le registre des expéditions des échantillons, des cas contacts, de traitement préventifs.",MCZ,30 janv. 2026,as de guide  Pati VI,Mise en place du guide  Pati VI,MCZ,30 janv. 2026,Pas de SOP,Rendre disponible  les SOP,BCZS,19 déc. 2025,Absence d’un superviseur qui fait régulièrement des contrôles d’exactitudes,Diisposer un supervisuer qui fait régulièrement des contrôles d’exactitudes,MCZS,30 janv. 2026,Pas d’archive propre pour garder les documents et les outils,Prévoir l’archive propre pour garder les documents et les outils,IS,19 déc. 2025,Pas des fiches de traitement des patients,Faite la commnade des fiches de traitement des patients,BCZS,30 janv. 2026,Pas d’armoire pour  la conservation des directives nationales et intrnationales,Disposer une  armoire pour  la conservation des directives nationales et intrnationales,IT,30 janv. 2026,Absence des documents écrits sur les résultats de contrôle des données,Mis à jour des documents écrits sur les résultats de contrôle des données,MCZ,19 déc. 2025,Pas de tableau de suivi des indicateurs,Mettre a jou d’un tableau des indicateurs,BCZS,30 janv. 2026,0,0,0,19 janv. 2026,,,,,,,,,L’equipe merite les differentes formations qui ont trait à la TB.,uuid:6f8e2618-f2df-4c2a-be89-4da151ffb32b,4-8-15-FA,25121504,uuid:6f8e2618-f2df-4c2a-be89-4da151ffb32b
23 déc. 2025 09:08:51,20 déc. 2025 11:01:31,22 déc. 2025 18:56:56,0834d731150bed21,,,,rdqa_pnlt,5156,85.93333333333334,,,https://posaf.surveycto.com/view/submission-attachment/TA_ceccd16a-e893-42ad-bab0-30ccced0a3d3.csv?uuid=uuid%3Aceccd16a-e893-42ad-bab0-30ccced0a3d3,20 déc. 2025,11:01:38,6,Equipe KASAI ORIENTAL,13,Sébastien MAYU,4,ke Kasai Oriental,8,ke Mukumbi,16,ke Tshilunde Centre de Santé,4-8-16,4-8-16-FA,-5.8184923,23.6329474,802.7,4.6,1,1,1,1,0,2,,,,,,,,,,,,,1,1,1,1,1,,1,1,1,4,1,1,4,1,1,,1,1,1,,1,1,,1,1,1,1,1,,1,1,1,1,2,0,1,1,1,2,0,2,5,5,Absence de tableau de bord,Mise en à d’un tableau de bord,IT,30 janv. 2026,Absence du registre des expédition des echantillons,Mise en place du registre des expéditions des echantillons,MCZ,30 janv. 2026,Pas de registre de taritement préventif,Mise en plcace du registre de taritement préventif,MCZ,30 janv. 2026,Absence de document écrit sur les résultats de contrôle de qualitédes données,Mettre à jour de document écrit sur les résultats de contrôle de qualitédes données,MCZ,30 janv. 2026,Absence de SOP et d’une armoire réservée aux directives natinales et internationles,"Rendre disponible les SOP , et du document écrit sur les résultats de contrôle de qualitédes données","MCZ,IT",30 janv. 2026,,,,,,,,,,,,,,,,,,,,,,,,,,,,,,,,,Disponibilité de l’équipe,uuid:ceccd16a-e893-42ad-bab0-30ccced0a3d3,4-8-16-FA,25121504,uuid:ceccd16a-e893-42ad-bab0-30ccced0a3d3
23 déc. 2025 12:33:41,23 déc. 2025 09:54:19,23 déc. 2025 12:33:36,32aa94963d879e8c,,,,rdqa_pnlt,4777,79.61666666666666,,,https://posaf.surveycto.com/view/submission-attachment/TA_00e88e2a-8a50-4d8b-85d2-7281b886fcc1.csv?uuid=uuid%3A00e88e2a-8a50-4d8b-85d2-7281b886fcc1,23 déc. 2025,09:54:29,7,Equipe KONGO CENTRAL,14,Jules KONGO,3,kc Kongo Central,5,Matadi,9,CSR AMEKC,3-5-9,3-5-9-FA,-5.8304903,13.4843271,298.9,4.5,1,1,1,0,0,1,,1,1,1,1,1,1,1,1,1,1,,1,1,1,1,1,,1,1,1,1,4,1,1,1,1,,1,1,1,1,,2,1,1,1,1,1,1,,4,1,1,1,2,0,1,1,1,1,1,2,2,2,Pas de tableau de suivi des indicateurs,Tracer un tableau de suivi des indicateurs et l’afficher au mur,I T,15 janv. 2026,Registre des cas contacts non mis a jour,Mettre a jour le registre des cas contacts,I T,15 janv. 2026,,,,,,,,,,,,,,,,,,,,,,,,,,,,,,,,,,,,,,,,,,,,,Suivre les recommandations formulees,uuid:00e88e2a-8a50-4d8b-85d2-7281b886fcc1,3-5-9-FA,25121504,uuid:00e88e2a-8a50-4d8b-85d2-7281b886fcc1
23 déc. 2025 13:32:09,23 déc. 2025 11:18:16,23 déc. 2025 13:32:02,4971f6dd5da500ea,,,+243110509716246,rdqa_pnlt,3146,52.43333333333333,,,https://posaf.surveycto.com/view/submission-attachment/TA_993ee1de-d383-4fcd-97e1-9041d8e834b2.csv?uuid=uuid%3A993ee1de-d383-4fcd-97e1-9041d8e834b2,23 déc. 2025,11:23:42,7,Equipe KONGO CENTRAL,14,Jules KONGO,3,kc Kongo Central,6,Nzanza,12,CSR Zola Nsiaku,3-6-12,3-6-12-FA,-5.8315971,13.4913307,96.6,4.9,1,1,1,1,2,1,,1,1,1,1,1,1,1,1,1,1,,1,1,1,1,1,,1,1,1,1,1,1,1,1,1,,1,1,1,1,1,1,1,1,1,1,1,1,,1,1,1,1,1,1,1,1,1,1,1,1,2,2,Achat d’un classeur pour l’archivge,Hopital,AG et MD,10 janv. 2026,Utilisez le nouveau canevas de repportage des donnees TB,BCZ,BCZ,9 janv. 2026,,,,,,,,,,,,,,,,,,,,,,,,,,,,,,,,,,,,,,,,,,,,,RaS,uuid:993ee1de-d383-4fcd-97e1-9041d8e834b2,3-6-12-FA,25121504,uuid:993ee1de-d383-4fcd-97e1-9041d8e834b2
23 déc. 2025 13:59:44,23 déc. 2025 13:06:49,23 déc. 2025 13:57:50,3580b942ec24aed6,,,+243110509716244,rdqa_pnlt,3061,51.016666666666666,,,https://posaf.surveycto.com/view/submission-attachment/TA_f495b323-285a-4255-a0a2-bd819e3b7ae1.csv?uuid=uuid%3Af495b323-285a-4255-a0a2-bd819e3b7ae1,23 déc. 2025,13:08:39,9,Equipe EQUATEUR,19,Stéphane MBUYl,1,eq Equateur,1,ZS WANGATA,1,CDT CS PILOTE,1-1-1,1-1-1-FA,0.0538166,18.2593353,317.6,4.5,1,1,0,1,0,1,,1,0,2,1,1,1,2,1,1,1,,1,1,1,1,1,,1,1,1,3,4,3,1,1,1,,1,1,1,,,,1,1,1,1,1,1,,1,1,1,1,2,1,1,1,1,1,2,1,3,3,Absence des feedback des superviseurs du bureau central de la zone de sante,Faire le feedback apres chaque supervision,Infirmier superviseur de la zone de sante,9 janv. 2026,Manque de formation dans la gestion des donnees TB,Planifier une formation dans la gestion des donnees TB,Medecin chef de zone,30 mars 2026,Manque de coaching des pretataires de CDT dans la gestion des donnees,Organiser les supervisions formatives dans la gestion des donnees,Superviseur TB et data manager de la zone de sante,30 mars 2026,,,,,,,,,,,,,,,,,,,,,,,,,,,,,,,,,,,,,,,,,"Archivage bien organise, prestataires tres devoues pour leur travail, preparer la releve car les pretataires sont en age de retraite, le soucis de travail bien fait.",uuid:f495b323-285a-4255-a0a2-bd819e3b7ae1,1-1-1-FA,25121504,uuid:f495b323-285a-4255-a0a2-bd819e3b7ae1
23 déc. 2025 14:18:16,22 déc. 2025 12:59:36,23 déc. 2025 14:17:54,56885bda4a90b310,,,,rdqa_pnlt,1871,31.183333333333334,,,https://posaf.surveycto.com/view/submission-attachment/TA_d839dbf7-9087-49ba-92bf-cbd6d2377bb0.csv?uuid=uuid%3Ad839dbf7-9087-49ba-92bf-cbd6d2377bb0,22 déc. 2025,13:00:41,4,Equipe KWANGO,9,Popaul KULONGA,5,kg Kwango,9,kg Panzi,17,kg Panzi Hôpital Général de Référence,5-9-17,5-9-17-FA,-4.8248478,17.0391603,561.4,5.0,1,1,3,0,2,1,,1,2,1,2,2,1,1,2,2,2,,2,1,3,2,1,,1,1,1,4,1,1,1,1,1,,1,1,1,,2,1,1,1,2,1,1,1,,3,0,2,2,2,2,1,1,2,2,2,2,6,6,Ad,Compris,Mdh,31 déc. 2025,Retard,Avant,Mgd,31 déc. 2025,Bb,Pp,Mcz,31 déc. 2025,Plus,Chaud,It,31 déc. 2025,Trou,Creux,Mcz,31 déc. 2025,Terre,Recette,It,31 déc. 2025,,,,,,,,,,,,,,,,,,,,,,,,,,,,,Desordre,uuid:d839dbf7-9087-49ba-92bf-cbd6d2377bb0,5-9-17-FA,25121504,uuid:d839dbf7-9087-49ba-92bf-cbd6d2377bb0
24 déc. 2025 00:56:02,23 déc. 2025 11:54:52,23 déc. 2025 13:12:55,cdcdb4f6995c23f7,,,+243110509716222,rdqa_pnlt,4683,78.05,,,https://posaf.surveycto.com/view/submission-attachment/TA_addca76c-3d9c-4e75-a7f1-042a19ac0b92.csv?uuid=uuid%3Aaddca76c-3d9c-4e75-a7f1-042a19ac0b92,23 déc. 2025,11:54:02,9,Equipe EQUATEUR,18,Dieumerci MUMBOLO,1,eq Equateur,2,ZS BOLENGE,4,CDT CSR BONGONDE,1-2-4,1-2-4-FA,-0.1459382,18.2244622,325.1,4.7,1,1,1,1,0,0,,,,,,,,,,,,,2,2,2,2,1,,1,4,1,3,4,3,3,1,3,,1,,1,,,,,1,1,1,1,1,,1,1,1,1,1,0,0,3,2,2,2,1,,,,,,,,,,,,,,,,,,,,,,,,,,,,,,,,,,,,,,,,,,,,,,,,,,,,,,,"L'IT du CDT est motivé pour le travail et maitrise les responsabilités qui lui sont attribués. Il maitrise les notions sur la TB ainsi que l'utilisation des differents outils de collecte. Les outils sont bien tenus et bien remplis tandisque certains outils ne sont pas disponible. La structure utilise encore certains outils de l’ancienne version PATI5 pour combler ce deficit. Le Guide PATI6 n’est pas disponible.
Le suivi de performance des indicateurs TB ne sont pas affichés, le systeme d'archivage n’est pas bien organisé.",uuid:addca76c-3d9c-4e75-a7f1-042a19ac0b92,1-2-4-FA,25121504,uuid:addca76c-3d9c-4e75-a7f1-042a19ac0b92
24 déc. 2025 11:12:35,24 déc. 2025 10:35:14,24 déc. 2025 11:12:05,de265427e98eed43,,,,rdqa_pnlt,2212,36.86666666666667,,,https://posaf.surveycto.com/view/submission-attachment/TA_bec9ccb6-2809-4440-9d9e-63c31c64c8c7.csv?uuid=uuid%3Abec9ccb6-2809-4440-9d9e-63c31c64c8c7,24 déc. 2025,10:35:27,5,Equipe LWALABA,11,Shadrack KISALU,8,ll Lualaba,16,ZS Manika,32,CDT Afia,8-16-32,8-16-32-FA,-10.7232,25.5083362,0.0,200.0,1,1,1,0,0,0,,,,,,,,,,,,,0,0,0,0,1,,1,4,1,3,4,3,3,3,3,,1,,1,,,,,,1,1,1,1,,4,1,1,2,2,0,2,3,1,1,1,2,4,4,Absence de guide pati 6 dans le CDT,Rendre disponible le guide PATI 6 en faisant la demande au BCZ,I.T,10 janv. 2026,Absence des tableaux de bord des indicateurs,Etablir et afficher trimestriellement le tableau de bord,IT,20 janv. 2026,"Absence d’outils de collecte (registres TPT, expedition, cas contacts et fiche de traitement)",Faire la commande des outils manquants,IT,24 déc. 2025,Pas de monitorage interne,Tenir des reunions de monitorage interne chaque mois,IT,24 déc. 2025,,,,,,,,,,,,,,,,,,,,,,,,,,,,,,,,,,,,,"1. Disponibilité de l’equipe enquetée et de quelques outils de collecte
2. Bonne collaboration",uuid:bec9ccb6-2809-4440-9d9e-63c31c64c8c7,8-16-32-FA,25121504,uuid:bec9ccb6-2809-4440-9d9e-63c31c64c8c7
24 déc. 2025 12:46:20,24 déc. 2025 09:23:35,24 déc. 2025 12:40:46,56885bda4a90b310,,,,rdqa_pnlt,11831,197.18333333333334,,,https://posaf.surveycto.com/view/submission-attachment/TA_80f77411-26d9-4a92-829d-e219508e563c.csv?uuid=uuid%3A80f77411-26d9-4a92-829d-e219508e563c,24 déc. 2025,09:23:53,4,Equipe KWANGO,8,Franck MOMA,5,kg Kwango,10,kg Kenge,19,kg Kalenge Centre de Santé,5-10-19,5-10-19-FA,-4.8859865,17.4081852,571.6,3.8,1,1,3,2,0,1,,1,1,2,1,1,1,1,1,1,1,,1,2,2,2,1,,1,4,1,3,4,3,3,1,1,,2,,2,,,,,1,1,1,1,1,,2,0,0,2,2,0,2,3,1,1,1,1,12,12,Personnel forme de plus de 5 ans,Programmer une supervision formative par le BCZS sur le remplissage des donnees dans le canevs de rapportage,MCZ,24 févr. 2026,Absence d’un personnel designe pour examiner les donnees apres compilations de tous les rapports et avant l’envoi au BCZS,Designer l’un des medecins du CS Kalenge comme responsable d’examiner le rapport apres compilation et avant l’envoi au BCZS,MCZ,5 janv. 2026,Absence d’un tableau de suivi des indicateurs TB au CS Kalenge,Elaborer et afficher au mur un tableau de bord de suivi des indicateurs TB de maniere mensuelle,Infirmier Titulaire(IT),15 janv. 2026,Absence des directives ecrites de commeny elaborer le rapport dans le CDT Kalenge sur le protocole de declaration,L’unite centrale du PNLT doit imperativement elaborer et vulgariser les directives ecrites sur comment elaborer le rapport mensuel au niveau du CDT,Directeur du PNLT,24 juin 2026,Absence des directives ecrites a qui le rapport du CDT doit etre soumis,Elaborer et vulgariser des directives ecrites signifiant clairement a qui le rapport du CDT doit etre soumis,Directeur du PNLT,24 juin 2026,Absence des directives ecrites sur la date limite pour le depot du rapport du CDT au BCZS(Delai acceptable),Elaborer et vulgariser les directives claires sur la date limite du depot de rapport mensuel du CDT au BCZS,Directeur du PNLT,24 juin 2026,"Absence des registres d’expedition d’echantillons ,des cas contacts et de traitement preventif au CDT Kalenge","Doter le CDT Kalenge des  registres d’expedition,des cas contacts et du traitement preventif",MCZ,24 janv. 2026,Absence de controle d’exactitude regulier des donnees au CDT par l’un des medecins du CS Kalenge avant l’envoi au BCZS,Realiser regulierement le controle d’exactitude des donnees avant l’envoi au BCZS,Un des medecins du CS Kalenge,1 févr. 2026,Absence reguliere de controle de coherence des donnees,Realiser le controle regulier de coherence des donnees avant l’envoi du rapport au BCZS,Un des medecins du CS Kalenge,1 févr. 2026,Remplissage  partiel des registres de tuberculose et laboratoire,Remplir completement et regulierement en croisant les 2 registres a la fin de chaque journee,Infirmier Titulaire et le Technicien de Laboratoire(TL),26 déc. 2025,"Faible realisation de supervision sur la qualite des donnees par le niveau superieur(BCZS,CPLT et UC/PNLT)","Realiser mensuellement,trimestriellement et semestriellement selon le niveau hierarchique","MCZ,MCP et Dir PNLT",24 juin 2026,"Absence de politique ecrite ou un document d’orientation (SOP) indiquant quand,comment effectuer le conttole de qualite des donnees","Elaborer un document d’orientation indiquant quand,comment effectuer le controle de qualite des donnees",Assistant technique international(ATI),24 juin 2026,,,,,"Disponibilite des enquetes,ils sont collaborant et receptif; disponibilite de differents outils de collecte des donnees",uuid:80f77411-26d9-4a92-829d-e219508e563c,5-10-19-FA,25121504,uuid:80f77411-26d9-4a92-829d-e219508e563c
24 déc. 2025 18:12:48,24 déc. 2025 15:00:16,24 déc. 2025 15:27:23,3580b942ec24aed6,,,+243110509716244,rdqa_pnlt,1627,27.116666666666667,,,https://posaf.surveycto.com/view/submission-attachment/TA_aab0eb0a-233f-4b44-8325-3f314681791e.csv?uuid=uuid%3Aaab0eb0a-233f-4b44-8325-3f314681791e,24 déc. 2025,15:00:46,9,Equipe EQUATEUR,19,Stéphane MBUYl,1,eq Equateur,1,ZS WANGATA,2,CDT BOSOMBA,1-1-2,1-1-2-FA,0.0373543,18.2603375,302.9,4.8,1,1,0,2,2,1,,1,2,1,1,1,2,2,1,1,2,,2,2,2,2,1,,1,4,1,2,4,3,3,1,1,,1,,1,,,,,1,1,1,1,2,,1,1,1,1,2,3,1,2,1,1,1,1,1,1,Pas de formation recue sur la gestion des donnees,Organiser une sur la gestion des donnees,Medecin chef de zone,30 mars 2026,,,,,,,,,,,,,,,,,,,,,,,,,,,,,,,,,,,,,,,,,,,,,,,,,"Archivage bien tenu, service bien organise, equipe TB composee de 4 prrsonnes, instauration d un systeme de monitorrage collectif",uuid:aab0eb0a-233f-4b44-8325-3f314681791e,1-1-2-FA,25121504,uuid:aab0eb0a-233f-4b44-8325-3f314681791e
24 déc. 2025 19:28:55,24 déc. 2025 10:01:37,24 déc. 2025 19:26:56,83b196b57d1197bf,,,,rdqa_pnlt,5905,98.41666666666667,,,https://posaf.surveycto.com/view/submission-attachment/TA_3d35fd7d-d4f6-44f9-a28f-8c4956ce99a1.csv?uuid=uuid%3A3d35fd7d-d4f6-44f9-a28f-8c4956ce99a1,24 déc. 2025,10:01:44,1,Equipe TANGANYIKA,1,Romain KIBADI,9,tn Tanganyika,17,tn Kalemie,34,Mulange,9-17-34,9-17-34-FA,-5.9955486,29.0763492,872.5,4.4,1,1,0,0,1,1,,1,0,0,0,0,1,1,1,2,1,,1,1,1,1,0,,1,3,1,1,4,2,1,1,1,,1,,1,1,,,1,1,1,1,1,1,,1,2,1,1,2,0,1,1,1,3,0,2,5,5,Formation du personnel incomplete en suivi et evaluation,Organiser des formations /recyclage en suivi et evaluation sur la TB,MCZ,31 mars 2026,Mauvaise comprehension des indicateurs TB PS et PB PR,Formation ciblee sur la TB PS et la TB PR,CPL,31 mars 2026,"Indisponibilite des registres TB PR, Xpert et depistage TB PR",Apprisionnement regulier de tous les outils,MCP/MCZ/IS,31 mars 2026,Controles qualite non systematiques,Instituer des revues de controle qualite mensuelles ou trmestrielles,IT CDT /BCZ,31 mars 2026,Documentation insuffisante de controle de qualite des donnees,Documenter systematiquement lew controles qualitew,IT/BCZ,31 mars 2026,,,,,,,,,,,,,,,,,,,,,,,,,,,,,,,,,Personnel devoue et receptif,uuid:3d35fd7d-d4f6-44f9-a28f-8c4956ce99a1,9-17-34-FA,25121504,uuid:3d35fd7d-d4f6-44f9-a28f-8c4956ce99a1
24 déc. 2025 20:02:33,24 déc. 2025 10:12:24,24 déc. 2025 11:34:11,6ac7320ca20533e6,,,,rdqa_pnlt,4908,81.8,,,https://posaf.surveycto.com/view/submission-attachment/TA_fb8a5310-105a-4882-93f2-86a5da511f33.csv?uuid=uuid%3Afb8a5310-105a-4882-93f2-86a5da511f33,24 déc. 2025,10:12:31,5,Equipe LWALABA,10,Marie-Léopoldine MBULULA,8,ll Lualaba,15,ZS Lualaba,29,HGR Mupandja,8-15-29,8-15-29-FA,-10.7804069,25.7172904,1291.1,5.0,1,1,1,1,1,1,,2,2,1,0,0,2,2,1,1,1,,1,1,1,1,1,,1,3,1,2,1,1,1,1,1,,1,,1,,1,1,1,1,1,1,1,1,,1,2,2,2,2,0,2,3,2,3,1,2,3,3,Faible maitrise de certains indicateurs,Renforcer les capacités de l’IT sur les définitions des indicateurs,ISZS,31 janv. 2026,Faible accompagnement de la zone,Accompagner régulièrement la structure,ISZS,31 mars 2026,Mauvaise tenue du registre TB,Renforcer les capacités de l’IT sur le remplissage correct du registre TB,ISZS,31 janv. 2026,,,,,,,,,,,,,,,,,,,,,,,,,,,,,,,,,,,,,,,,,Insuffisances dans la definition de certains indicateurs et la tenue du registre TB,uuid:fb8a5310-105a-4882-93f2-86a5da511f33,8-15-29-FA,25121504,uuid:fb8a5310-105a-4882-93f2-86a5da511f33
24 déc. 2025 20:44:03,24 déc. 2025 17:16:51,24 déc. 2025 18:09:09,698fc381852c8af3,,,,posaf_collect,3019,50.31666666666667,,,https://posaf.surveycto.com/view/submission-attachment/TA_82f92660-81f2-4624-89d1-fe3e89dee594.csv?uuid=uuid%3A82f92660-81f2-4624-89d1-fe3e89dee594,24 déc. 2025,17:17:06,8,Equipe KINSHASA,17,Fabien Kabasele,6,kn Kinshasa,11,kn Binza Meteo,22,kn La Borne Centre Hospitalier,6-11-22,6-11-22-FA,-4.4086632,15.2486439,469.0,4.8,1,0,1,1,0,1,,2,2,1,1,1,1,1,1,2,1,,1,1,1,1,1,,1,3,1,3,3,3,1,1,1,,1,,1,,,,1,1,1,1,1,1,,1,0,1,1,1,2,1,1,1,1,1,1,7,7,Les enfants vivant sous les mêmes toit avec les patients TB+ ne sont pas mis sous TPT après screening s’il ne sont pas TB+,Mettre systématiquement sous TPT tout enfant TB- vivant sous le même toit avec les patients TB+,IT TB,24 déc. 2025,Discordance entre les données du registre et celles rapportées au BCZS,"Tenir correctement les outils de gestion des données et toujours vérifier les chiffres compilés avant transmission. Autrement, désigner une personne pour la vérification des données compilés avant la transmission au niveau supérieur",Point Focal TB,5 janv. 2026,Fiche fidesco et billet d'orientation disponible au niveau du CDT mais non utilisés,Sollicité un RECO au niveau BCZS et le responsabilité pour l'investigation et l'orientation des cas vers le CDT,Point Focal TB,24 déc. 2025,Certains rapports sans accusé de réception,Exiger l'accusé de réception pour chaque rapport envoyé au niveau supérieur,Point Focal TB,5 janv. 2026,"Faibles promptitude des rapports, les rapports élaborés à temps et transmis en retard.",Toujours transmettre le rapports avant le 7 du mois,Point Focal TB,5 janv. 2026,Fiche de stock rempli partiellement (colonnes de stock vide),Toujours inscrire le stock disponible dans la colonne stock,Point Focal TB,24 déc. 2025,Absence du registre des expédition des échantillons,Demander auprès du BCZS le registre d'expédition des échantillons,Point Focal TB,24 déc. 2025,,,,,,,,,,,,,,,,,,,,,,,,,"Équipe EAQ mis en place et fonctionnelle, bonne archivage,  Équipe disponible et attentive aux observations et a besoin de l'accompagnement du BCZS (1 année sans RECO, non accompagné pour le TPT)",uuid:82f92660-81f2-4624-89d1-fe3e89dee594,6-11-22-FA,25121504,uuid:82f92660-81f2-4624-89d1-fe3e89dee594
25 déc. 2025 11:54:58,24 déc. 2025 12:10:39,25 déc. 2025 11:54:40,cdcdb4f6995c23f7,,,+243110509716222,rdqa_pnlt,5157,85.95,,,https://posaf.surveycto.com/view/submission-attachment/TA_8c824098-0169-45b8-9efa-05468033cdb5.csv?uuid=uuid%3A8c824098-0169-45b8-9efa-05468033cdb5,24 déc. 2025,12:11:49,9,Equipe EQUATEUR,18,Dieumerci MUMBOLO,1,eq Equateur,2,ZS BOLENGE,3,CDT HGR BOLENGE,1-2-3,1-2-3-FA,0.0023863,18.2171595,316.0,15.0,1,1,3,1,0,1,,1,1,1,2,2,2,2,1,1,1,,1,1,1,1,1,,1,4,1,3,4,1,2,1,1,,1,,1,,,2,,1,1,1,1,1,,1,1,1,1,1,1,0,3,2,1,1,1,3,3,"Absence de certains outils de collecte ( registre d’expedition des echantillons, registre TPT, registre des contacts)",Rendre disponible les differents outils pour le bon rapportege.,"IS BZ, CPLT",31 janv. 2026,Absence d’un systme d’archivage,Organiser un systeme d’archivage approprié,"IS ZS, IT du CDT",31 janv. 2026,Utilisation des anciens registres de laboratoire et de la tuberculose (PATI5),Faire une demande des nouveaux outils (PATI6),"MCZ, MCP",31 déc. 2025,,,,,,,,,,,,,,,,,,,,,,,,,,,,,,,,,,,,,,,,,"L’IT et le TL étant non disponible, l’un en congé et l’autre malade, le directeur du nursing assume leur respo’sabilités dans le CDT.
Le guide PATI6 n’est pas disponible et utilise a cet effet le PATI5",uuid:8c824098-0169-45b8-9efa-05468033cdb5,1-2-3-FA,25121504,uuid:8c824098-0169-45b8-9efa-05468033cdb5
25 déc. 2025 19:39:16,25 déc. 2025 11:15:37,25 déc. 2025 15:08:01,56885bda4a90b310,,,,rdqa_pnlt,13944,232.4,,,https://posaf.surveycto.com/view/submission-attachment/TA_0d9bab1e-73e5-4d30-a6c4-d9357a2204e0.csv?uuid=uuid%3A0d9bab1e-73e5-4d30-a6c4-d9357a2204e0,25 déc. 2025,11:15:08,4,Equipe KWANGO,8,Franck MOMA,5,kg Kwango,10,kg Kenge,20,kg Misele Centre de Santé de Référence,5-10-20,5-10-20-FA,-4.7932417,17.5303702,386.2,4.5,1,1,1,1,2,1,,2,2,2,1,0,2,1,2,0,1,,0,2,2,2,1,,1,4,1,3,4,3,3,1,1,,2,,1,,,,,1,1,1,1,1,,1,2,1,2,2,0,0,3,2,3,2,2,13,13,Tableau de suivi des indicateurs TB Inn’est pas affiche,Elaborer et afficher le tableau de suivi des indicateurs TB,Infirmier TItulaire du CS Misele,5 janv. 2026,Non maitriser adequate d’un grand nombre de definitions des cas par les prestataires du CS Misele,"Renforcer les capacites des prestataires(infirmier charge de la prise en charge,technicien de laboratoire et infirmier titulaire) par la lecture quotienne et reguliere des definitions de cas contenues dans PATI 6 sous controle du superviseur de la ZS lors de la supervision",IT du CS Misele,30 janv. 2026,"Absence des directives ecrites et imprimees sur ce que le CDT est sense pouvoir rapporter, a qui soumettre le rapport mensuel et la date limite de soumission","Elanorer les directives ecrites , claires definisant ce que le CDT est sense rapporter, a qui rapporter et quand rapporter en etant prompte et les vulgariser aux CDT",Directeur du PNLT,30 juin 2026,"Absence des registres  des expeditions echantillons,de registre des cas contacts et du registre du traitement preventif au sein du CDT Misele","Approvisionner le CDT MIsele en ces outils de collecte des donnees(Registre des expeditions echantillons,registre des cas contacts et registre du traitement preventif",MCZ,30 janv. 2026,Registre de tuberculose non a jour au niveau des colonnes de nouveaux patidnts et rechutes,Mettre a jour le registre de tuberculose,IInfirmier Titulaire,30 janv. 2026,Controles d’exactitude effectues mais pas de maniere systematique,Elaborer un calendrier clair en ressortant la periode et la date exacte pour effectuer le controle d’exactitude de rapport mensuel,Infirmier Titulaire,30 janv. 2026,Absence d’une documentation ecrite sur les resultats de controle de la qualite des donnees au CDT Misele,Elaborer une do umentation ecrite sur les resultats de controle de la qualite des donnees a vulgariser a tous les CDT,Assistant Technique International(ATI),30 mars 2026,Pas de politique ecrite ou un document d’orientation(pae exemple SOP) indiquant quand et commeny effectuer les controles de qualite des donnees,Elaborer et vulgatiser une politique ecrite ou un document d’orientation indiquany quand et comment effectuer les controles de qualite des donnees,Assistant Technique International((ATI),30 mars 2026,"Pas des visites de supervision reguliere axees sur la qualite des donnees de la part du niveau de la BCZS,de la CPLT ou de l’IC/PNLT","Planifier des visites de supervisio regulere(mensulles,trimestrielles et semesttielles) axees sur la qualite des donnees a tous les niveaux de la pyramide sanitaire","MCZ,MCP et DIr PNLT",30 juin 2026,Les registres archives sur papiet ne sont pas organises de maniere a pouvoir etre facilement retrouves,"Organiser l’archivage des registres sur papier, soit par service,soit par date, de maniere a pouvoir etre facilement retrouves",Infirmier Titulaire et Technicien de Laboratoire,30 janv. 2026,"Espace approprie pour l’archivage n’est pas propre et le stockage des do uments,des rapports n’est pas securise(armoire sans cle)",Organiser l’espace approprie pour l’archivage des documents et rapports en le rendant propre et securise( faire reparer l’armoire pour y mettre une cle),Infirmier Titulaire,30 janv. 2026,8ULes donnees personnelles pertinentes ne sont pas conservees conformemeny aux directives nqtionales ou internationales en matiere de confidentialite,Faire reparer les armoires se trouvant dans le bureau de l’IT et du TL de maniere a pouvoir garder les donnees personnelles pertinentes dans une armoire fermee a cle,Infirmier Titulaire et Technicien de Laboratoire,30 janv. 2026,L’acces aux registres archives n’est pas limite au personnel approprie,Verouiller la zone de stockage des registres archives pour n’etre accessible uniquemeny au personnel designe,Infirmier Titulaire,30 mars 2026,"Disponibilite de tous les prestataires de TB( IT,TL et infirmier charge de la prise en charge); ils sont receptifs et collaborants",uuid:0d9bab1e-73e5-4d30-a6c4-d9357a2204e0,5-10-20-FA,25121504,uuid:0d9bab1e-73e5-4d30-a6c4-d9357a2204e0